state_name,state_name_slug,state_code,state_code_slug,votesmart,title,party,name,name_slug,first_name,middle_name,last_name,name_suffix,goes_by,pronunciation,gender,ethnicity,religion,openly_lgbtq,date_of_birth,entered_office,term_end,biography,phone,fax,latitude,longitude,address_complete,address_number,address_prefix,address_street,address_sec_unit_type,address_sec_unit_num,address_city,address_state,address_zipcode,address_type,website,contact_page,facebook_url,twitter_handle,twitter_url,photo_url
"Alabama","alabama","AL","al","27642","governor","republican","Kay Ivey","kay-ivey","Kay",,"Ivey",,,"KAY EYE-vee","female","white-american","baptist",,"1944-10-15","2017-04-10","2023-01-01","Kay Ellen Ivey (born October 15, 1944) is an American politician and educator who is the 54th and current Governor of Alabama since April 2017. Ivey, a member of the Republican Party, served as the 38th Alabama State Treasurer from 2003 to 2011, and later became the 30th Lieutenant Governor of Alabama; she was the first Republican woman elected in this state, serving from January 2011 until April 2017.","334-242-7900","334-242-4661","32.3773052","-86.3010403","600 Dexter Avenue, Montgomery, AL 36130","600",,"Dexter",,,"Montgomery","AL","36130","Ave","http://governor.alabama.gov","http://governor.alabama.gov/contact","https://www.facebook.com/KayIveyAL","GovernorKayIvey","https://twitter.com/GovernorKayIvey","https://cdn.civil.services/us-governors/headshots/512x512/kay-ivey.jpg"
"Alaska","alaska","AK","ak","140395","governor","republican","Mike Dunleavy","mike-dunleavy","Mike",,"Dunleavy",,,"MYK DUN-lee-vee","male","white-american","christian",,"1961-05-05","2018-12-03","2022-12-31","Mike J. Dunleavy (born May 5, 1961) is an American politician who is the 12th and current governor of Alaska, since 2018. A Republican, Dunleavy was a member of the Alaska Senate from 2013 through 2018. Dunleavy defeated former Democratic United States Senator Mark Begich in the 2018 gubernatorial election.","907-465-3500","907-465-3532","11.696815","122.36887","Office of the Governor, Post Office Box 110001, Juneau, AK 99811-0001",,,"of","Office",,,,,,"https://gov.alaska.gov/","https://gov.alaska.gov/contact/","https://www.facebook.com/GovDunleavy","GovDunleavy","https://twitter.com/GovDunleavy","https://cdn.civil.services/us-governors/headshots/512x512/mike-dunleavy.jpg"
"Arizona","arizona","AZ","az","123548","governor","republican","Douglas Ducey","douglas-ducey","Douglas","Anthony","Ducey",,"Doug","DOAG DOO-see","male","white-american","roman-catholic",,"1964-04-09","2015-01-05","2023-01-01","Douglas Anthony Ducey (born April 9, 1964) is an American businessman who is the 23rd and current governor of the U.S. State of Arizona. He is a member of the Republican Party, and was sworn in as governor on January 5, 2015. Prior to his governorship, he served as the state's 42nd treasurer. He is also the first man to serve as Arizona Governor in over 17 years.","602-542-4331","602-542-7601","33.4481208","-112.0992236","1700 West Washington Street, Phoenix, AZ 85007","1700","W","Washington",,,"Phoenix","AZ","85007","St","http://azgovernor.gov","http://azgovernor.gov/engage/form/contact-governor-ducey","https://www.facebook.com/dougducey","dougducey","https://twitter.com/dougducey","https://cdn.civil.services/us-governors/headshots/512x512/douglas-ducey.jpg"
"Arkansas","arkansas","AR","ar","732","governor","republican","Asa Hutchinson","asa-hutchinson","Asa",,"Hutchinson",,,"AY-suh HU-chin-sun","male","white-american","baptist",,"1950-12-03","2015-01-13","2023-01-01","William Asa Hutchinson II (born December 3, 1950) is an American businessman, attorney, politician who has been the 46th Governor of Arkansas since 2015. Previously he was U.S. Attorney for the Fort Smith-based Western District of Arkansas, U.S. Congressman from the Third District of Arkansas, Administrator of the U.S. Drug Enforcement Administration (DEA) and the first Undersecretary for Border & Transportation Security at the U.S. Department of Homeland Security.","501-682-2345","501-682-1382","34.746779","-92.2912417","State Capitol Room 250, 500 Woodlane Street, Little Rock, AR 72201",,,"State",,,,,,,"http://governor.arkansas.gov","http://governor.arkansas.gov/contact-info","https://www.facebook.com/asaforarkansas","AsaHutchinson","https://twitter.com/AsaHutchinson","https://cdn.civil.services/us-governors/headshots/512x512/asa-hutchinson.jpg"
"California","california","CA","ca","70386","governor","democrat","Gavin Newsom","gavin-newsom","Gavin",,"Newsom",,,"GA-vin NOO-sum","male","white-american","unspecified",,"1967-10-10","2019-01-07","2022-12-31","Gavin Christopher Newsom is an American politician and businessman who is the 40th and current governor of California. A member of the Democratic Party, he previously served as the 49th Lieutenant Governor of California from 2011 to 2019 and as the 42nd Mayor of San Francisco from 2004 to 2011. ","916-445-2841","916-558-3160","38.575263","-121.494735","Office of the Governor, Suite 1173, Sacramento, CA 95814",,,"of","Office",,,,,,"http://gov.ca.gov/","https://govapps.gov.ca.gov/gov40mail/","https://www.facebook.com/GavinNewsom","GavinNewsom","https://twitter.com/GavinNewsom","https://cdn.civil.services/us-governors/headshots/512x512/gavin-newsom.jpg"
"Colorado","colorado","CO","co","106220","governor","democrat","Jared Polis","jared-polis","Jared",,"Polis",,,"JA-rid PAW-lis","male","white-american","jewish",,"1975-05-12","2019-01-08","2022-12-31","Jared Schutz Polis is an American politician, entrepreneur, and philanthropist who is the 43rd Governor of Colorado. From 2009 to 2019, he was the United States Representative for Colorado's 2nd congressional district. Polis was elected Governor of Colorado in 2018, making him the first openly gay man elected governor in the United States, the second openly LGBT person elected governor in the United States (after Governor Kate Brown of Oregon), and the first Jewish person elected governor of Colorado.","303-866-2471","303-866-2003","39.73921","-104.98497","136 State Capitol, Denver CO, 80203-1792","136",,"State Capitol",,,"Denver","CO","80203",,"http://www.colorado.gov/governor/","https://www.colorado.gov/governor/contact","https://www.facebook.com/PolisForColorado","jaredpolis","https://twitter.com/jaredpolis","https://cdn.civil.services/us-governors/headshots/512x512/jared-polis.jpg"
"Connecticut","connecticut","CT","ct","68381","governor","democrat","Edward Lamont","edward-lamont","Edward",,"Lamont",,"Ned","ED-werd LUH-mahnt","male","white-american","unspecified",,"1954-01-03","2019-01-09","2022-12-31","Edward Miner Lamont Jr. is an American businessman and politician who is the 89th governor of Connecticut. He is a member of the Democratic Party.","800-406-1527","860-524-7395","41.7641979","-72.684661","210 Capitol Avenue, Hartford CT, 61060","210",,"Capitol",,,"Hartford","CT","61060","Ave","https://portal.ct.gov/Office-of-the-Governor","https://portal.ct.gov/Office-of-the-Governor/Contact/Email-Governor-Lamont","https://www.facebook.com/NedLamontCT","GovNedLamont","https://twitter.com/GovNedLamont","https://cdn.civil.services/us-governors/headshots/512x512/edward-lamont.jpg"
"Delaware","delaware","DE","de","53658","governor","democrat","John Carney","john-carney","John",,"Carney",,,"JOAN KARR-nee","male","white-american","roman-catholic",,"1956-05-20","2017-01-17","2023-01-01","John Charles Carney Jr. (born May 20, 1956) is an American politician who is the 74th and current Governor of Delaware since January 2017. A member of the Democratic Party, he served as the U.S. Representative for Delaware's at-large congressional district from 2011 to 2017 prior to his governorship. Carney was also the 24th Lieutenant Governor of Delaware from 2001 to 2009 and served as Delaware's Secretary of Finance.","302-577-4101","302-739-2775","39.743532","-75.5484957","Carvel State Office Building, 820 North French Street, 12th Floor, Wilmington, DE 19801",,,"Carvel",,,,,,,"http://governor.delaware.gov","http://delaware.gov/help/degov-contact.shtml","https://www.facebook.com/JohnCarneyDE","johncarneyde","https://twitter.com/johncarneyde","https://cdn.civil.services/us-governors/headshots/512x512/john-carney.jpg"
"Florida","florida","FL","fl","137630","governor","republican","Ronald DeSantis","ronald-desantis","Ronald",,"DeSantis",,"Ron","RAWN DI-SAHN-tis","male","white-american","christian",,"1978-09-14","2019-01-08","2022-12-31","Ronald Dion DeSantis is an American veteran and politician serving as the 46th and current Governor of Florida since 2019. A member of the Republican Party, he previously represented Florida's 6th congressional district in the United States House of Representatives from 2013 to 2018. After graduating from Yale University and Harvard Law School, DeSantis served as an officer and attorney in the Judge Advocate General's Corps, U.S. Navy (JAG).","850-488-7146","850-487-0801","30.4381","-84.28212","PL 05 The Capitol, 400 South Monroe Street, Tallahassee, FL  32399-0001",,,"PL",,,,,,,"http://www.flgov.com/","https://www.flgov.com/contact-governor/","https://www.facebook.com/RonDeSantisFlorida","govrondesantis","https://twitter.com/govrondesantis","https://cdn.civil.services/us-governors/headshots/512x512/ronald-desantis.jpg"
"Georgia","georgia","GA","ga","31876","governor","republican","Brian Kemp","brian-kemp","Brian",,"Kemp",,,"BRY-an KEMP","male","white-american","christian",,"1963-11-02","2019-01-14","2023-01-09","Brian Porter Kemp is an American businessman and politician serving as the 83rd Governor of the U.S. state of Georgia. A member of the Republican Party, he previously was the 27th Secretary of State of Georgia from 2010 to 2018 and a member of the Georgia State Senate from 2003 until 2007.","404-656-1776","404-657-7332","33.74902","-84.38796","206 Washington St, Ste 203, State Capitol, Atlanta, GA 30334","206",,"Washington","Ste","203",,,,"St","http://gov.georgia.gov/","https://gov.georgia.gov/contact-us","https://www.facebook.com/BrianKempGA","BrianKempGA","https://twitter.com/BrianKempGA","https://cdn.civil.services/us-governors/headshots/512x512/brian-kemp.jpg"
"Hawaii","hawaii","HI","hi","3406","governor","democrat","David Ige","david-ige","David",,"Ige",,,"DAY-vid EE-gay","male","pacific-islander","unspecified",,"1957-01-15","2014-01-12","2023-01-01","David Yutaka Ige (born January 15, 1957) is an American politician who serves as the eighth and current Governor of Hawaii, in office since 2014. A Democrat, he previously served in the Hawaii State Senate, representing the 16th district, from 1995 to 2014. In the 2014 Hawaii gubernatorial election, he won the Democratic primary by defeating incumbent Governor Neil Abercrombie with 66% of the vote.","808-586-0034","808-586-0006","21.307764","-157.8594961","415 South Beretania Street, Honolulu, HI 96813","415","S","Beretania",,,"Honolulu","HI","96813","St","http://governor.hawaii.gov","https://governor.hawaii.gov/contact-us/contact-the-governor/","https://www.facebook.com/GovernorDavidIge","GovHawaii","https://twitter.com/GovHawaii","https://cdn.civil.services/us-governors/headshots/512x512/david-ige.jpg"
"Idaho","idaho","ID","id","54166","governor","republican","Brad Little","brad-little","Brad",,"Little",,,"BRAD LI-tel","male","white-american","episcopalian",,"1954-02-15","2019-01-01","2022-12-31","Brad Little is the Republican Governor of Idaho. Little was elected to the office on November 6, 2018. Little was the 42nd Lieutenant Governor of Idaho, serving from 2009 to 2019. In his capacity as lieutenant governor, Little also served as president of the Idaho State Senate.","208-334-2100","208-334-2175","43.617779","-116.199654","700 West Jefferson, Boise, ID 83702","700","W","Jefferson",,,"Boise","ID","83702",,"http://gov.idaho.gov/","https://gov.idaho.gov/contact-us/","https://www.facebook.com/bradlittleforidaho/","GovernorLittle","https://twitter.com/GovernorLittle","https://cdn.civil.services/us-governors/headshots/512x512/brad-little.jpg"
"Illinois","illinois","IL","il","18341","governor","democrat","J.B. Pritzker","jb-pritzker","J.B.",,"Pritzker",,,"J B PRITS-ker","male","white-american","unspecified",,"1965-01-19","2019-01-01","2022-12-31","J.B. Pritzker is the Democratic Governor of Illinois. Pritzker was elected to the office on November 6, 2018.","217-782-0244","217-524-4049","39.801149","-89.648686","State Capitol, Springfield, IL 62706",,,"State",,,,,,,"http://www.illinois.gov/gov/","https://www2.illinois.gov/gov/contactus/Pages/default.aspx","https://www.facebook.com/jbpritzker","jbpritzker","https://twitter.com/jbpritzker","https://cdn.civil.services/us-governors/headshots/512x512/jb-pritzker.jpg"
"Indiana","indiana","IN","in","34349","governor","republican","Eric Holcomb","eric-holcomb","Eric","Joseph","Holcomb",,,"E-rik HAWL-koam","male","white-american","church-of-god",,"1968-05-02","2017-01-09","2023-01-01","Eric Joseph Holcomb (born May 2, 1968) is an American politician who serves as the 51st and current Governor of Indiana since January 2017. Prior to his election to the governorship, he was also the 51st Lieutenant Governor of Indiana under Governor Mike Pence, now the 48th and current Vice President of the United States.","317-232-4567","317-232-3443","39.7984385","-89.6573079","State House, Room 206 Indianapolis, IN 46204 ",,,"State",,,,,,,"http://www.in.gov/gov/","http://www.in.gov/core/help.html","https://www.facebook.com/GovHolcomb","GovHolcomb","https://twitter.com/GovHolcomb","https://cdn.civil.services/us-governors/headshots/512x512/eric-holcomb.jpg"
"Iowa","iowa","IA","ia","103324","governor","republican","Kimberly Reynolds","kimberly-reynolds","Kimberly","Kay","Reynolds",,"Kim","KIM RE-neldz","female","white-american","unspecified",,"1959-08-04","2017-05-24","2023-01-01","Kimberly Kay Reynold is an American politician serving as the 43rd and current Governor of Iowa since 2017. A Republican, she previously served as the Lieutenant Governor of Iowa from 2011 to 2017 and assumed the governorship when incumbent Governor Terry Branstad became the United States Ambassador to China. Reynolds is the first female Governor of Iowa.","515-281-5211","515-281-6611","41.5912077","-93.6059486","1007 East Grand Ave., Des Moines, IA 50319","1007","E","Grand",,,"Des Moines","IA","50319","Ave","https://governor.iowa.gov","https://governor.iowa.gov/contact","https://www.facebook.com/IAGovernor","kimreynoldsia","https://twitter.com/kimreynoldsia","https://cdn.civil.services/us-governors/headshots/512x512/kimberly-reynolds.jpg"
"Kansas","kansas","KS","ks","34496","governor","democrat","Laura Kelly","laura-kelly","Laura",,"Kelly",,,"LA-ur-ra KE-lee","female","white-american","unspecified",,"1950-01-24","2018-01-31","2022-12-31","Laura Kelly is the Democratic Governor of Kansas. Kelly was elected to the office on November 6, 2018. Kelly is a former Democratic member of the Kansas State Senate, representing District 18 from 2005 to 2018.","785-296-3232","785-296-7973","39.046497","-95.67936","300 SW 10th Avenue, Suite 212S, Topeka, KS 66612-1590","300","SW","10th","Suite","212S","Topeka","KS","66612","Ave","https://governor.kansas.gov","https://governor.kansas.gov/contact/contact-the-governor/","https://www.facebook.com/LauraKellyKS","senatorkelly","https://twitter.com/senatorkelly","https://cdn.civil.services/us-governors/headshots/512x512/laura-kelly.jpg"
"Kentucky","kentucky","KY","ky","146094","governor","republican","Matthew Bevin","matthew-bevin","Matthew","Griswold","Bevin",,"Matt","MAT BE-vin","male","white-american","christian",,"1967-01-09","2015-12-08","2023-01-01","Matthew Griswold Bevin (born January 9, 1967) is an American businessman and politician who currently serves as the 62nd Governor of Kentucky. He is the third Republican elected Governor of Kentucky since World War II, after Ernie Fletcher (2003–2007) and Louie B. Nunn (1967–1971).","502-564-2611","502-564-2517","38.1867792","-84.877415","700 Capitol Avenue, Suite 100, Frankfort, KY 40601","700",,"Capitol","Suite","100","Frankfort","KY","40601","Ave","http://governor.ky.gov","http://governor.ky.gov/pages/contact.aspx","https://www.facebook.com/GovMattBevin","GovMattBevin","https://twitter.com/GovMattBevin","https://cdn.civil.services/us-governors/headshots/512x512/matthew-bevin.jpg"
"Louisiana","louisiana","LA","la","72012","governor","democrat","John Edwards","john-edwards","John","Bel","Edwards",,,"JOAN ED-werdz","male","white-american","unspecified",,"1966-09-16","2016-01-11","2023-01-01","John Bel Edwards (born September 16, 1966) is an American politician and lawyer who is the 56th and current Governor of Louisiana, in office since January 11, 2016. He was previously the Minority Leader of the Louisiana House of Representatives and represented the 72nd District for two terms. He left the state legislature to run for governor in 2015.","623-773-7328","225-342-7099","33.5766177","-112.242531","8401 West Monroe Street, Peoria, AZ 85345","8401","W","Monroe",,,"Peoria","AZ","85345","St","http://gov.louisiana.gov/","http://gov.louisiana.gov/page/contact","https://www.facebook.com/LouisianaGov","louisianagov","https://twitter.com/louisianagov","https://cdn.civil.services/us-governors/headshots/512x512/john-edwards.jpg"
"Maine","maine","ME","me","36856","governor","democrat","Janet Mills","janet-mills","Janet",,"Mills",,,"JA-net MILZ","female","white-american","unspecified",,"1947-12-30","2019-01-01","2022-12-31","Janet T. Mills is the Democratic Governor of Maine. Mills was elected to the office on November 6, 2018. Mills served as Maine attorney general from 2009 to 2010 and again assumed office in 2012.","207-287-3531","207-287-1034","44.3069799","-69.784334","1 State House Station, Augusta, ME 04333","1",,"State House",,,"Augusta","ME","04333","Sta","https://www.maine.gov/governor/","https://www.maine.gov/governor/mills/contact","https://www.facebook.com/millsforgovernor","JanetMillsforME","https://twitter.com/JanetMillsforME","https://cdn.civil.services/us-governors/headshots/512x512/janet-mills.jpg"
"Maryland","maryland","MD","md","147764","governor","republican","Lawrence Hogan","lawrence-hogan","Lawrence","Joseph","Hogan","Jr.","Larry","LA-ree HOH-gen","male","white-american","unspecified",,"1956-05-25","2015-01-21","2023-01-01","Lawrence Joseph Hogan Jr. (born May 25, 1956) is an American politician who currently serves as the 62nd Governor of Maryland, in office since January 2015. He is only the second Republican governor in Maryland in nearly 50 years, and the first Maryland governor from Anne Arundel County to be elected in over 100 years.","410-974-3901","410-974-3275","38.9788597","-76.4932177","100 State Circle, Annapolis, MD 21401","100",,"State",,,"Annapolis","MD","21401","Cir","http://governor.maryland.gov/","http://governor.maryland.gov/mail/default.asp","https://www.facebook.com/larryhoganmd","LarryHogan","https://twitter.com/LarryHogan","https://cdn.civil.services/us-governors/headshots/512x512/lawrence-hogan.jpg"
"Massachusetts","massachusetts","MA","ma","124824","governor","republican","Charles Baker","charles-baker","Charles","Duane","Baker","Jr.","Charlie","CHARR-lee BAY-ker","male","white-american","protestant",,"1956-11-13","2015-01-08","2023-01-01","Charles Duane Baker Jr. (born November 13, 1956), is an American businessman and the 72nd and current Governor of Massachusetts, having been sworn into office on January 8, 2015. He was a cabinet official under two Massachusetts governors, spent ten years as CEO of Harvard Pilgrim Health Care and was also the Republican nominee for governor of Massachusetts in an unsuccessful 2010 bid.","617-725-4005","617-727-9725","42.3587723","-71.0660006","Massachusetts State House, Office of the Governor, Room 280 Boston, MA 02133",,,"Massachusetts",,,,,,,"http://www.mass.gov/governor/","http://www.mass.gov/governor/constituent-services/contact-governor-office/","https://www.facebook.com/CharlieBakerMA","massgovernor","https://twitter.com/massgovernor","https://cdn.civil.services/us-governors/headshots/512x512/charles-baker.jpg"
"Michigan","michigan","MI","mi","37868","governor","democrat","Gretchen Whitmer","gretchen-whitmer","Gretchen",,"Whitmer",,,"GRE-chen WIT-mer","female","white-american","unspecified",,"1971-08-23","2019-01-01","2022-12-31","Gretchen Whitmer is the Democratic Governor of Michigan. Whitmer was elected to the office on November 6, 2018. Whitmer is a former Democratic member of the Michigan State Senate, representing District 23 from her win in a 2006 special election to 2015. She served as minority leader for the final four years of her tenure.","517-373-3400","517-335-6863","42.741625","-84.59981","P.O. Box 30013, Lansing, MI 48909",,,,"PO Box","30013","Lansing","MI","48909",,"http://www.michigan.gov/gov","https://www.michigan.gov/whitmer/0,9309,7-387-90498_90663---,00.html","https://www.facebook.com/GretchenWhitmer","gretchenwhitmer","https://twitter.com/gretchenwhitmer","https://cdn.civil.services/us-governors/headshots/512x512/gretchen-whitmer.jpg"
"Minnesota","minnesota","MN","mn","65443","governor","democrat","Tim Walz","tim-walz","Tim",,"Walz",,,"TIM WALZ","male","white-american","lutheran",,"1964-04-06","2019-01-01","2022-12-31","Tim Walz is the Democratic Governor of Minnesota. Walz was elected to the office on November 6, 2018.","651-201-3400","651-797-1850","44.954546","-93.099553","130 State Capitol, 75 Rev Dr. Martin Luther King Jr. Blvd. St. Paul, MN 55155","130",,"State",,,,,,,"https://mn.gov/governor/","https://mn.gov/governor/contact/","https://www.facebook.com/GovTimWalz","GovTimWalz","https://twitter.com/GovTimWalz","https://cdn.civil.services/us-governors/headshots/512x512/tim-walz.jpg"
"Mississippi","mississippi","MS","ms","2126","governor","republican","Dewey Bryant","dewey-bryant","Dewey","Phillip","Bryant",,"Phil","FIL BRY-ant","male","white-american","united-methodist",,"1954-12-09","2012-01-10","2023-01-01","Dewey Phillip Bryant (born December 9, 1954) is an American politician from the state of Mississippi who has served as the 64th Governor of Mississippi since 2012. He previously served as the 31st Lieutenant Governor of Mississippi from 2008 to 2012 and as the 40th State Auditor of Mississippi from 1996 to 2008.","601-359-3150","601-359-3741","32.3504041","-90.1551408","P.O. Box 139, Jackson, MS 39205",,,,"PO Box","139","Jackson","MS","39205",,"http://www.governorbryant.ms.gov/","http://www.governorbryant.ms.gov/Pages/Contact.aspx","https://www.facebook.com/im4phil","PhilBryantMS","https://twitter.com/PhilBryantMS","https://cdn.civil.services/us-governors/headshots/512x512/dewey-bryant.jpg"
"Missouri","missouri","MO","mo","39119","governor","republican","Michael Parson","michael-parson","Michael","L.","Parson",,"Mike","MIKE PAR-son","male","white-american","unspecified",,"1955-09-17","2018-06-01","2023-01-01","Michael L. Parson (born September 17, 1955) is an American politician and former law enforcement officer currently serving as the 57th Governor of Missouri, having taken office on June 1, 2018 after the resignation of Eric Greitens. Parson previously served as the 47th Lieutenant Governor of Missouri.","573-751-3222","573-526-3291","38.5774764","-92.1758644","201 West Capitol Avenue, Room 218, Post Office Box 720, Jefferson City, MO 65101","201","W","Capitol","Room","218",,,,"Ave","https://governor.mo.gov/","https://governor.mo.gov/get-involved/contact-the-governors-office","https://www.facebook.com/TeamMikeParson","mikeparson","https://twitter.com/mikeparson","https://cdn.civil.services/us-governors/headshots/512x512/michael-parson.jpg"
"Montana","montana","MT","mt","110899","governor","democrat","Stephen Bullock","stephen-bullock","Stephen","Clark","Bullock",,,"STEE-ven BUU-luhk","male","white-american","unspecified",,"1966-04-11","2013-01-07","2023-01-01","Stephen Clark Bullock (born April 11, 1966) is an American politician and lawyer who is the 24th and current Governor of Montana, serving since 2013. He is a member of the Democratic Party.","406-444-3111","406-444-5529","46.5300037","-112.162194","Office of the Governor, Post Office Box 200801, Helena, MT 59620",,,"of","Office",,,,,,"http://governor.mt.gov/","http://governor.mt.gov/Home/Contact/shareopinion","https://www.facebook.com/GovernorBullock","GovernorBullock","https://twitter.com/GovernorBullock","https://cdn.civil.services/us-governors/headshots/512x512/stephen-bullock.jpg"
"Nebraska","nebraska","NE","ne","57777","governor","republican","John Ricketts","john-ricketts","John","Peter","Ricketts",,"Pete","PEET RI-kits","male","white-american","roman-catholic",,"1964-08-19","2015-01-08","2023-01-01","Ricketts was born in Nebraska City, Nebraska, and now lives in Omaha. He attended the University of Chicago for both his bachelor and graduate studies, and received an MBA in marketing and finance from the university's Graduate School of Business.","402-471-2244","402-471-6031","40.800004","-96.672194","Office of the Governor, Post Office Box 94848, Lincoln, NE 68509-4848",,,"of","Office",,,,,,"https://governor.nebraska.gov/","https://governor.nebraska.gov/contact-form","https://www.facebook.com/GovernorPeteRicketts","GovRicketts","https://twitter.com/GovRicketts","https://cdn.civil.services/us-governors/headshots/512x512/john-ricketts.jpg"
"Nevada","nevada","NV","nv","12492","governor","democrat","Steve Sisolak","steve-sisolak","Steve",,"Sisolak",,,"STEEV SEE-saw-lak","male","white-american","unspecified",,"1953-12-26","2019-01-01","2022-12-31","Steve Sisolak is the Democratic Governor of Nevada. Sisolak was elected to the office on November 6, 2018. Sisolak served as the District A representative on the Clark County Commission in Nevada from 2009 to 2019.","775-684-5670","775-684-5683","39.163894","-119.766127","Capitol Building, 101 N. Carson St., Carson City, NV 89701",,,"Capitol","Building","101",,,,,"http://gov.nv.gov/","http://gov.nv.gov/Contact/Contact/","https://www.facebook.com/VoteSteveSisolak","stevesisolak","https://twitter.com/stevesisolak","https://cdn.civil.services/us-governors/headshots/512x512/steve-sisolak.jpg"
"New Hampshire","new-hampshire","NH","nh","125989","governor","republican","Christopher Sununu","christopher-sununu","Christopher","T.","Sununu",,"Chris","KRIS SUU-NOO-noo","male","white-american","roman-catholic",,"1974-11-05","2017-01-05","2023-01-01","Christopher T. Sununu (born November 5, 1974) is an American politician and businessman who serves as the 82nd and current Governor of New Hampshire, since January 2017. Sununu was previously a member of the New Hampshire Executive Council, an office he held from (2011-2017). At age 42, Sununu is currently the youngest state Governor in the United States.","603-271-2121","603-271-7680","43.2069998","-71.5403939","107 North Main Street, Concord, NH 03301","107","N","Main",,,"Concord","NH","03301","St","http://www.governor.nh.gov/","https://business.nh.gov/nhgovernor/comments.asp","https://www.facebook.com/GovernorChrisSununu","GovChrisSununu","https://twitter.com/GovChrisSununu","https://cdn.civil.services/us-governors/headshots/512x512/christopher-sununu.jpg"
"New Jersey","new-jersey","NJ","nj","176221","governor","democrat","Philip Murphy","philip-murphy","Philip","Dunton","Murphy",,"Phil","FIL MUR-fee","male","white-american","unspecified",,"1957-08-16","2018-01-16","2022-01-01","Philip Dunton Murphy (born August 16, 1957) is an American financier, diplomat, and politician currently serving as the 56th Governor of New Jersey. Murphy, a Democrat, defeated then Lieutenant Governor Kim Guadagno in the 2017 gubernatorial election.","609-292-6000","609-292-3454","40.220707","-74.763027","Office of the Governor, Post Office Box 001, Trenton, NJ 08625",,,"of","Office",,,,,,"http://www.nj.gov/governor/","http://www.nj.gov/governor/contact/","https://www.facebook.com/PhilMurphyNJ","philmurphynj","https://twitter.com/philmurphynj","https://cdn.civil.services/us-governors/headshots/512x512/philip-murphy.jpg"
"New Mexico","new-mexico","NM","nm","102404","governor","democrat","Michelle Lujan Grisham","michelle-lujan-grisham","Michelle",,"Lujan Grisham",,,"MI-shel LOO-hawn-GRIS-ham","female","white-american","unspecified",,"1959-10-24","2019-01-01","2022-12-31","Michelle Lujan Grisham is the Democratic Governor of New Mexico. Grisham was elected to the office on November 6, 2018. Lujan Grisham served in the U.S. House, representing the 1st Congressional District of New Mexico, from 2013 to 2019.","505-476-2200","505-476-2226","35.68291","-105.94205","State Capitol, Fourth Floor, Santa Fe, NM 87501",,,"State",,,,,,,"http://www.governor.state.nm.us/","https://www.governor.state.nm.us/contact/","https://www.facebook.com/mlujangrisham","michelle4nm","https://twitter.com/michelle4nm","https://cdn.civil.services/us-governors/headshots/512x512/michelle-lujan-grisham.jpg"
"New York","new-york","NY","ny","45083","governor","democrat","Andrew Cuomo","andrew-cuomo","Andrew","Mark","Cuomo",,,"AN-droo KWOH-moh","male","white-american","roman-catholic",,"1957-12-06","2011-01-01","2023-01-01","Andrew Mark Cuomo (born December 6, 1957) is an American politician and attorney who has been the 56th Governor of New York since January 1, 2011. A member of the Democratic Party, he was elected in 2010, holding the same position his father, Mario Cuomo, held for three terms from 1983 to 1995.","518-474-8390",,"42.6497791","-73.7618584","Governor, State Capitol Building, Albany, NY 12224",,,"Governor",,,,,,,"http://www.governor.ny.gov/","http://www.governor.ny.gov/contact-iframe","https://www.facebook.com/GovernorAndrewCuomo","nygovcuomo","https://twitter.com/nygovcuomo","https://cdn.civil.services/us-governors/headshots/512x512/andrew-cuomo.jpg"
"North Carolina","north-carolina","NC","nc","5900","governor","democrat","Roy Cooper","roy-cooper","Roy","Asberry","Cooper","III",,"ROY KOO-per","male","white-american","presbyterian",,"1957-06-13","2017-01-01","2023-01-01","Roy Asberry Cooper III (born June 13, 1957) is an American politician and attorney who is the 75th and current Governor of North Carolina, since January 2017. Prior to his governorship, Cooper had served as the Attorney General of North Carolina from 2001 to 2017 and was previously a member of the North Carolina State Senate.","919-814-2000","919-733-2120","35.8093599","-78.7094088","20301 Mail Service Center, Raleigh, NC 27699","20301",,"Mail Service",,,"Raleigh","NC","27699","Ctr","https://governor.nc.gov/","https://governor.nc.gov/contact-governor-cooper","https://www.facebook.com/NCgovernor","NC_Governor","https://twitter.com/NC_Governor","https://cdn.civil.services/us-governors/headshots/512x512/roy-cooper.jpg"
"North Dakota","north-dakota","ND","nd","170745","governor","republican","Douglas Burgum","douglas-burgum","Douglas","J.","Burgum",,"Doug","DOAG BUR-gum","male","white-american","unspecified",,"1956-08-01","2016-12-15","2023-01-01","Douglas J. Burgum (born August 1, 1956) is an American entrepreneur, philanthropist and politician serving as the 33rd and current Governor of North Dakota since December 15, 2016. He is a member of the Republican Party.","701-328-2200","701-328-2205","46.8207013","-100.7849455","600 East Boulevard, Avenue Bismarck, ND 58505","600",,"East",,,"Avenue Bismarck","ND","58505","Blvd","https://www.governor.nd.gov/","https://www.governor.nd.gov/contact-us","https://www.facebook.com/GovernorDougBurgum","DougBurgum","https://twitter.com/DougBurgum","https://cdn.civil.services/us-governors/headshots/512x512/douglas-burgum.jpg"
"Ohio","ohio","OH","oh","21799","governor","republican","Michael DeWine","michael-dewine","Michael",,"DeWine",,"Mike","MYK DEE-wyn","male","white-american","roman-catholic",,"1947-01-05","2019-01-01","2020-12-31","Richard Michael DeWine is the Republican Governor of Ohio. DeWine was elected to the office on November 6, 2018.","614-466-3555","614-466-9354","39.9606364","-83.0031631","77 South High Street, 30th Floor, Columbus, OH 43215","77","S","High",,,,,,"St","http://governor.ohio.gov/","https://governor.ohio.gov/Contact/Contact-the-Governor","https://www.facebook.com/MikeDeWine","mikedewine","https://twitter.com/mikedewine","https://cdn.civil.services/us-governors/headshots/512x512/michael-dewine.jpg"
"Oklahoma","oklahoma","OK","ok","180027","governor","republican","Kevin Stitt","kevin-stitt","Kevin",,"Stitt",,,"KE-vin STIT","male","white-american","unspecified",,"1972-12-28","2019-01-01","2022-12-31","Kevin Stitt is the Republican Governor of Oklahoma. Stitt was elected to the office on November 6, 2018.","405-521-2342","405-521-3353","35.460835","-97.499706","Capitol Building, 2300 Lincoln Blvd., Rm. 212, Oklahoma City, OK 73105",,,"Capitol","Building","2300",,,,,"http://www.gov.ok.gov/","https://www.ok.gov/governor/Contact_the_Governor/index.html","https://www.facebook.com/StittForGovernor","GovStitt","https://twitter.com/GovStitt","https://cdn.civil.services/us-governors/headshots/512x512/kevin-stitt.jpg"
"Oregon","oregon","OR","or","2990","governor","democrat","Katherine Brown","katherine-brown","Katherine",,"Brown",,"Kate","KAYT BROWN","female","white-american","unspecified",,"1960-06-21","2015-02-18","2023-01-01","Katherine Brown (born June 21, 1960) is an American politician who is the 38th and current Governor of Oregon. Brown, a Democrat and an attorney, previously served as Oregon Secretary of State and as majority leader of the Oregon State Senate, where she represented portions of Milwaukie and of Northeast and Southeast Portland.","503-378-4582","503-378-8970","44.9382486","-123.032757","160 State Capitol, 900 Court Street, Salem, OR 97301-4047","160",,"State",,,,,,,"http://www.oregon.gov/gov/pages/index.aspx","http://www.oregon.gov/gov/Pages/share-your-opinion.aspx","https://www.facebook.com/oregongovernor","OregonGovBrown","https://twitter.com/OregonGovBrown","https://cdn.civil.services/us-governors/headshots/512x512/katherine-brown.jpg"
"Pennsylvania","pennsylvania","PA","pa","77203","governor","democrat","Thomas Wolf","thomas-wolf","Thomas","Westerman","Wolf",,"Tom","TAWM WAWLF","male","white-american","unspecified",,"1948-11-17","2015-01-20","2023-01-01","Thomas Westerman Wolf (born November 17, 1948) is an American businessman and politician who is the 47th and current Governor of Pennsylvania, since taking office on January 20, 2015. A Democrat, he defeated Republican incumbent Tom Corbett in the 2014 gubernatorial election. Previously, Wolf served as the Secretary of the Pennsylvania Department of Revenue from April 2007 until November 2008 and as an executive in his family-owned business.","717-787-2500","717-772-8284","40.2645516","-76.8860975","508 Main Capitol Building, Harrisburg, PA 17120","508",,"Main Capitol","Building","Harrisbur","g","PA","17120",,"https://www.governor.pa.gov/","https://www.governor.pa.gov/contact/","https://www.facebook.com/governorwolf","governortomwolf","https://twitter.com/governortomwolf","https://cdn.civil.services/us-governors/headshots/512x512/thomas-wolf.jpg"
"Rhode Island","rhode-island","RI","ri","128028","governor","democrat","Gina Raimondo","gina-raimondo","Gina","Marie","Raimondo",,,"JEE-nuh RAY-mahn-doh","female","white-american","unspecified",,"1971-05-17","2015-01-06","2023-01-01","Gina Marie Raimondo (born May 17, 1971) is an American politician, businesswoman, venture capitalist, and the 75th and current Governor of the State of Rhode Island. Raimondo, a member of the Democratic Party, is the first woman to serve as Governor of Rhode Island. Prior to her election as governor, she served as the General Treasurer for the State of Rhode Island and was the second Rhode Island woman to serve as Treasurer.","401-222-2080","401-222-8096","41.8310614","-71.4171496","82 Smith Street, Providence, RI 02903","82",,"Smith",,,"Providence","RI","02903","St","http://www.gov.ri.gov/","http://www.gov.ri.gov/contact/","https://www.facebook.com/GinaMRaimondo","ginaraimondo","https://twitter.com/ginaraimondo","https://cdn.civil.services/us-governors/headshots/512x512/gina-raimondo.jpg"
"South Carolina","south-carolina","SC","sc","48189","governor","republican","Henry McMaster","henry-mcmaster","Henry","Dargan","McMaster",,,"HEN-ree MUHK-MAS-ter","male","white-american","presbyterian",,"1947-05-27","2017-01-24","2023-01-01","Henry Dargan McMaster (born May 27, 1947) is an American politician and attorney who is the 117th and current Governor of South Carolina. He assumed office on January 24, 2017. He previously served as the 91st Lieutenant Governor of South Carolina from 2015 to 2017, as well as Attorney General of South Carolina from 2003 to 2011.","803-734-2100","803-734-5167","34.0004102","-81.0350236","The Honorable Henry McMaster, Office of the Governor, 1100 Gervais Street, Columbia, SC 29201",,,"The",,,,,,,"http://governor.sc.gov/Pages/default.aspx","http://governor.sc.gov/Contact/Pages/default.aspx","https://www.facebook.com/HenryMcMaster","henrymcmaster","https://twitter.com/henrymcmaster","https://cdn.civil.services/us-governors/headshots/512x512/henry-mcmaster.jpg"
"South Dakota","south-dakota","SD","sd","58189","governor","republican","Kristi Noem","kristi-noem","Kristi",,"Noem",,,"KRIS-tee NAH-em","female","white-american","unspecified",,"1971-11-30","2019-01-01","2022-12-31","Kristi L. Noem is the Republican Governor of South Dakota. Noem was elected to the office on November 6, 2018. Noem is a former Republican member of the U.S. House of Representatives from the state of South Dakota. She represented South Dakota's At-Large Congressional District from 2011 to 2019.","605-773-3212","605-773-4711","44.367121","-100.346159","500 East Capitol Avenue, Piere, SD 57501","500","E","Capitol",,,"Piere","SD","57501","Ave","http://sd.gov/governor/","http://sd.gov/governor/contact/default.aspx","https://www.facebook.com/kristiforgovernor","kristinoem","https://twitter.com/kristinoem","https://cdn.civil.services/us-governors/headshots/512x512/kristi-noem.jpg"
"Tennessee","tennessee","TN","tn","180465","governor","republican","Bill Lee","bill-lee","Bill",,"Lee",,,"BIL LEE","male","white-american","christian",,"1959-10-09","2019-01-01","2022-12-31","Bill Lee is the Republican Governor of Tennessee. Lee was elected to the office on November 6, 2018.","615-741-2001","615-532-9711","36.165832","-86.78423","Tennessee State Capitol, Nashville, TN 37243-0001",,,"Tennessee",,,,,,,"https://www.tn.gov/governor","https://www.tn.gov/governor/contact-us.html","https://www.facebook.com/BillLeeTN","billleetn","https://twitter.com/billleetn","https://cdn.civil.services/us-governors/headshots/512x512/bill-lee.jpg"
"Texas","texas","TX","tx","50168","governor","republican","Gregory Abbott","gregory-abbott","Gregory","Wayne","Abbott",,"Greg","GREG A-buht","male","white-american","roman-catholic",,"1957-11-13","2015-01-20","2023-01-01","Gregory Wayne Abbott (born November 13, 1957) is an American lawyer and politician who currently serves as the 48th Governor of Texas since January 2015. During the Governorship of his predecessor, Rick Perry, Abbott was the 50th Attorney General of Texas and is a Republican.","512-463-2000","512-463-5571","30.2727169","-97.7410268","Office of the Governor, Post Office Box 12428, Austin, TX 78711-2428",,,"of","Office",,,,,,"http://gov.texas.gov/","https://gov.texas.gov/contact/","https://www.facebook.com/TexasGovernor","GregAbbott_TX","https://twitter.com/GregAbbott_TX","https://cdn.civil.services/us-governors/headshots/512x512/gregory-abbott.jpg"
"Utah","utah","UT","ut","50344","governor","republican","Gary Herbert","gary-herbert","Gary","Richard","Herbert",,,"GE-ree HUR-bert","male","white-american","christian",,"1947-05-07","2009-08-11","2023-01-01","Gary Richard Herbert (born May 7, 1947) is an American politician who is the 17th and current Governor of Utah. A member of the Republican Party, Herbert has served as Governor since August 2009. From July 2015 to July 2016, Herbert served as chair of the National Governors Association.","801-538-1000","801-538-1528","40.7443666","-111.9725741","Utah State Capitol, 350 North State Street, Suite 200, Post Office Box 142220, Salt Lake City, UT 84114",,,"Utah",,,,,,,"https://www.utah.gov/governor/","https://gocentral.utah.gov/Request/Contact?response=true","https://www.facebook.com/GovGaryHerbert","GovHerbert","https://twitter.com/GovHerbert","https://cdn.civil.services/us-governors/headshots/512x512/gary-herbert.jpg"
"Vermont","vermont","VT","vt","55934","governor","republican","Philip Scott","philip-scott","Philip",,"Scott",,"Phil","FIL SKAHT","male","white-american","unspecified",,"1958-08-04","2017-01-05","2023-01-01","Philip Scott (born August 4, 1958) is an American politician and businessman serving as the 82nd and current Governor of the state of Vermont, since January 2017. A Republican, he won the 2016 general election with over 52% of the vote. He was previously the 80th Lieutenant Governor of Vermont, an office he held from 2011 to 2017.","802-828-3333","802-828-3339","44.2612298","-72.5817197","109 State Street, Pavilion Montpelier, VT 05609","109",,"State",,,"Pavilion Montpelier","VT","05609","St","http://governor.vermont.gov/","http://governor.vermont.gov/contact-us/message","https://www.facebook.com/GovPhilScott","GovPhilScott","https://twitter.com/GovPhilScott","https://cdn.civil.services/us-governors/headshots/512x512/philip-scott.jpg"
"Virginia","virginia","VA","va","90253","governor","democrat","Ralph Northam","ralph-northam","Ralph","Shearer","Northam",,,"RALF NORTH-am","male","white-american","unspecified",,"1959-09-13","2018-01-13","2022-01-01","Ralph Shearer Northam (born September 13, 1959) is an American physician, veteran and politician serving as the 73rd Governor of Virginia since January 13, 2018. He served as the 40th Lieutenant Governor of Virginia from 2014 to 2018 prior to winning the governorship against Republican nominee Ed Gillespie in 2017.","804-786-2211","804-371-6351","37.6284448","-77.5469394","Post Office Box 1475, Richmond, VA 23218",,,,"Post Office Box","1475","Richmond","VA","23218",,"https://governor.virginia.gov/","https://governor.virginia.gov/constituent-services/communicating-with-the-governors-office/","https://www.facebook.com/ralph.northam","ralphnortham","https://twitter.com/ralphnortham","https://cdn.civil.services/us-governors/headshots/512x512/ralph-northam.jpg"
"Washington","washington","WA","wa","27125","governor","democrat","Jay Inslee","jay-inslee","Jay","Robert","Inslee",,,"JAY INZ-lee","male","white-american","protestant",,"1951-02-09","2013-01-16","2023-01-01","Jay Robert Inslee (born February 9, 1951) is an American politician, attorney and member of the Democratic Party who has served as the 23rd Governor of Washington since January 2013.","360-902-4111","360-753-4110","47.0400036","-122.892194","Office of the Governor, Post Office Box 40002, Olympia, WA 98504-0002",,,"of","Office",,,,,,"http://www.governor.wa.gov/","http://www.governor.wa.gov/contact/contact/send-gov-inslee-e-message","https://www.facebook.com/WaStateGov","jayinslee","https://twitter.com/jayinslee","https://cdn.civil.services/us-governors/headshots/512x512/jay-inslee.jpg"
"West Virginia","west-virginia","WV","wv","166287","governor","democrat","James Justice","james-justice","James","Conley","Justice","Jr.","Jim","JIM JUS-tis","male","white-american","unspecified",,"1951-04-27","2017-01-16","2023-01-01","James Conley Justice Jr. (born April 27, 1951) is an American coal mining and agriculture businessman and politician who is the 36th and current Governor of West Virginia since January 2017. Owner of over 50 companies, including The Greenbrier, a luxury resort, Justice is one of the few billionaires from the state of West Virginia. A Democrat, Justice ran for Governor in the 2016 general election as the Democratic nominee, defeating the Republican nominee, Bill Cole.","304-558-2000",,"38.3372072","-81.6145768","State Capitol, 1900 Kanawha Blvd. E, Charleston, WV 25305",,,"State",,,,,,,"http://www.governor.wv.gov/Pages/default.aspx","http://www.governor.wv.gov/Pages/SubmitaCommenttotheGovernor.aspx","https://www.facebook.com/WVGovernor","WVGovernor","https://twitter.com/WVGovernor","https://cdn.civil.services/us-governors/headshots/512x512/james-justice.jpg"
"Wisconsin","wisconsin","WI","wi","112861","governor","democrat","Tony Evers","tony-evers","Tony",,"Evers",,,"TOH-nee E-verz","male","white-american","unspecified",,"1951-11-05","2019-01-01","2022-12-31","Tony Evers is the Democratic Governor of Wisconsin. Evers was elected to the office on November 6, 2018.","608-266-1212","608-267-8983","43.0747036","-89.385863","115 East State Capitol, Madison, Wi 53707","115","E","State Capitol",,,"Madison","Wi","53707",,"http://www.wisgov.state.wi.us/","https://evers.wi.gov/Pages/connect.aspx","https://www.facebook.com/Tony4WI","tony4wi","https://twitter.com/tony4wi","https://cdn.civil.services/us-governors/headshots/512x512/tony-evers.jpg"
"Wyoming","wyoming","WY","wy","106056","governor","republican","Mark Gordon","mark-gordon","Mark",,"Gordon",,,"MARK GOR-den","male","white-american","unspecified",,"1957-03-14","2019-01-01","2022-12-31","Mark Gordon is the Republican Governor of Wyoming. Gordon was elected to the office on November 6, 2018.","307-777-7434","307-632-3909","45.25194","-75.731227","State Capitol Building, Room 124, Cheyenne, WY 82002",,,"State",,,,,,,"http://governor.wy.gov/","https://governor.wyo.gov/contact","https://www.facebook.com/markgordon4wyoming","mark_gordon_wy","https://twitter.com/mark_gordon_wy","https://cdn.civil.services/us-governors/headshots/512x512/mark-gordon.jpg"
